{"cameraMode":{"drawMode":24,"name":"Light Overlap","section":"Baked Global Illumination"},"sceneLighting":true,"audioPlay":false,"sceneViewState":{"showFog":true,"showMaterialUpdate":true,"showSkybox":false,"showFlares":true,"showImageEffects":true,"showParticleSystems":true},"in2DMode":false,"pivot":{"x":-61.83961868286133,"y":-10.233129501342774,"z":-680.1818237304688},"rotation":{"x":-0.04715709015727043,"y":0.7147232294082642,"z":-0.04865364730358124,"w":-0.696117639541626},"size":100.67659759521485,"orthographic":false}