{"cameraMode":{"drawMode":24,"name":"Light Overlap","section":"Baked Global Illumination"},"sceneLighting":true,"audioPlay":false,"sceneViewState":{"showFog":true,"showMaterialUpdate":true,"showSkybox":false,"showFlares":true,"showImageEffects":true,"showParticleSystems":true},"in2DMode":false,"pivot":{"x":-39.588478088378909,"y":100.65876770019531,"z":-1336.4764404296875},"rotation":{"x":-0.07234292477369309,"y":0.6905156970024109,"z":-0.06995914876461029,"w":-0.7162823677062988},"size":55.26735305786133,"orthographic":false}