{"cameraMode":{"drawMode":24,"name":"Light Overlap","section":"Baked Global Illumination"},"sceneLighting":true,"audioPlay":false,"sceneViewState":{"showFog":true,"showMaterialUpdate":true,"showSkybox":false,"showFlares":true,"showImageEffects":true,"showParticleSystems":true},"in2DMode":false,"pivot":{"x":-21.762197494506837,"y":18.089767456054689,"z":15.793624877929688},"rotation":{"x":-0.04824008792638779,"y":0.04553074762225151,"z":-0.0021807656157761814,"w":-0.9977951049804688},"size":82.22932434082031,"orthographic":false}