{"cameraMode":{"drawMode":24,"name":"Light Overlap","section":"Baked Global Illumination"},"sceneLighting":true,"audioPlay":false,"sceneViewState":{"showFog":true,"showMaterialUpdate":true,"showSkybox":false,"showFlares":true,"showImageEffects":true,"showParticleSystems":true},"in2DMode":false,"pivot":{"x":33.040618896484378,"y":105.64591979980469,"z":-1269.04150390625},"rotation":{"x":-0.27811452746391299,"y":-0.05562013015151024,"z":0.01595987193286419,"w":-0.9588034749031067},"size":62.49718475341797,"orthographic":false}