{"cameraMode":{"drawMode":24,"name":"Light Overlap","section":"Baked Global Illumination"},"sceneLighting":true,"audioPlay":false,"sceneViewState":{"showFog":true,"showMaterialUpdate":true,"showSkybox":false,"showFlares":true,"showImageEffects":true,"showParticleSystems":true},"in2DMode":false,"pivot":{"x":-11.455204010009766,"y":58.695159912109378,"z":-1242.6016845703125},"rotation":{"x":-0.009612148627638817,"y":0.7194425463676453,"z":-0.00991230458021164,"w":-0.6944147944450378},"size":35.81834030151367,"orthographic":false}