{"cameraMode":{"drawMode":24,"name":"Light Overlap","section":"Baked Global Illumination"},"sceneLighting":true,"audioPlay":false,"sceneViewState":{"showFog":true,"showMaterialUpdate":true,"showSkybox":false,"showFlares":true,"showImageEffects":true,"showParticleSystems":true},"in2DMode":false,"pivot":{"x":-440.84515380859377,"y":91.54875183105469,"z":16.228801727294923},"rotation":{"x":-0.045270130038261417,"y":-0.030866026878356935,"z":0.0014118136605247856,"w":-0.9984968304634094},"size":74.26419830322266,"orthographic":false}