{"cameraMode":{"drawMode":24,"name":"Light Overlap","section":"Baked Global Illumination"},"sceneLighting":true,"audioPlay":false,"sceneViewState":{"showFog":true,"showMaterialUpdate":true,"showSkybox":false,"showFlares":true,"showImageEffects":true,"showParticleSystems":true},"in2DMode":false,"pivot":{"x":8.314579010009766,"y":59.14659881591797,"z":-1275.955078125},"rotation":{"x":-0.06493262201547623,"y":0.6771917343139648,"z":-0.06041343882679939,"w":-0.7304418683052063},"size":7.87709903717041,"orthographic":false}