{"cameraMode":{"drawMode":24,"name":"Light Overlap","section":"Baked Global Illumination"},"sceneLighting":true,"audioPlay":false,"sceneViewState":{"showFog":true,"showMaterialUpdate":true,"showSkybox":false,"showFlares":true,"showImageEffects":true,"showParticleSystems":true},"in2DMode":false,"pivot":{"x":-0.9227867126464844,"y":110.71973419189453,"z":-1330.303955078125},"rotation":{"x":-0.07331360876560211,"y":0.691483736038208,"z":-0.07110163569450379,"w":-0.7151363492012024},"size":37.25526428222656,"orthographic":false}