{"cameraMode":{"drawMode":24,"name":"Light Overlap","section":"Baked Global Illumination"},"sceneLighting":true,"audioPlay":false,"sceneViewState":{"showFog":true,"showMaterialUpdate":true,"showSkybox":false,"showFlares":true,"showImageEffects":true,"showParticleSystems":true},"in2DMode":false,"pivot":{"x":-9.85473346710205,"y":-27.781423568725587,"z":129.1433563232422},"rotation":{"x":-0.10063067823648453,"y":-0.011343930847942829,"z":0.0011619130382314325,"w":-0.9948585629463196},"size":684.6415405273438,"orthographic":false}