{"cameraMode":{"drawMode":24,"name":"Light Overlap","section":"Baked Global Illumination"},"sceneLighting":true,"audioPlay":false,"sceneViewState":{"showFog":true,"showMaterialUpdate":true,"showSkybox":false,"showFlares":true,"showImageEffects":true,"showParticleSystems":true},"in2DMode":false,"pivot":{"x":157.4684295654297,"y":380.4461669921875,"z":-24.72998046875},"rotation":{"x":0.00008964440348790959,"y":0.999634861946106,"z":0.004190946463495493,"w":-0.026695556938648225},"size":793.3823852539063,"orthographic":false}