{"cameraMode":{"drawMode":24,"name":"Light Overlap","section":"Baked Global Illumination"},"sceneLighting":true,"audioPlay":false,"sceneViewState":{"showFog":true,"showMaterialUpdate":true,"showSkybox":false,"showFlares":true,"showImageEffects":true,"showParticleSystems":true},"in2DMode":false,"pivot":{"x":26.336395263671876,"y":-51.32314682006836,"z":66.58438110351563},"rotation":{"x":-0.028802579268813134,"y":-0.009899509139358998,"z":0.0002986194158438593,"w":-0.9995360970497131},"size":87.49579620361328,"orthographic":false}