{"cameraMode":{"drawMode":24,"name":"Light Overlap","section":"Baked Global Illumination"},"sceneLighting":true,"audioPlay":false,"sceneViewState":{"showFog":true,"showMaterialUpdate":true,"showSkybox":false,"showFlares":true,"showImageEffects":true,"showParticleSystems":true},"in2DMode":false,"pivot":{"x":-74.93133544921875,"y":-110.39683532714844,"z":-320.5478515625},"rotation":{"x":-0.03649874031543732,"y":0.7216224670410156,"z":-0.03813131898641586,"w":-0.6902716159820557},"size":515.4469604492188,"orthographic":false}