{"cameraMode":{"drawMode":24,"name":"Light Overlap","section":"Baked Global Illumination"},"sceneLighting":true,"audioPlay":false,"sceneViewState":{"showFog":true,"showMaterialUpdate":true,"showSkybox":false,"showFlares":true,"showImageEffects":true,"showParticleSystems":true},"in2DMode":false,"pivot":{"x":33.55443572998047,"y":109.8375015258789,"z":-1307.548583984375},"rotation":{"x":-0.03874513879418373,"y":0.6973220705986023,"z":-0.03801599517464638,"w":-0.7146996855735779},"size":64.14508819580078,"orthographic":false}