{"cameraMode":{"drawMode":24,"name":"Light Overlap","section":"Baked Global Illumination"},"sceneLighting":true,"audioPlay":false,"sceneViewState":{"showFog":true,"showMaterialUpdate":true,"showSkybox":false,"showFlares":true,"showImageEffects":true,"showParticleSystems":true},"in2DMode":false,"pivot":{"x":0.24472808837890626,"y":45.38905334472656,"z":-1214.81982421875},"rotation":{"x":-0.08627194166183472,"y":0.6609955430030823,"z":-0.07686865329742432,"w":-0.7414400577545166},"size":74.5262680053711,"orthographic":false}