{"cameraMode":{"drawMode":24,"name":"Light Overlap","section":"Baked Global Illumination"},"sceneLighting":true,"audioPlay":false,"sceneViewState":{"showFog":true,"showMaterialUpdate":true,"showSkybox":false,"showFlares":true,"showImageEffects":true,"showParticleSystems":true},"in2DMode":false,"pivot":{"x":-11.625551223754883,"y":111.11067199707031,"z":-1343.4346923828125},"rotation":{"x":-0.013897093012928963,"y":0.7587124109268189,"z":-0.016150113195180894,"w":-0.6510772705078125},"size":46.382938385009769,"orthographic":false}