{"cameraMode":{"drawMode":24,"name":"Light Overlap","section":"Baked Global Illumination"},"sceneLighting":true,"audioPlay":false,"sceneViewState":{"showFog":true,"showMaterialUpdate":true,"showSkybox":false,"showFlares":true,"showImageEffects":true,"showParticleSystems":true},"in2DMode":false,"pivot":{"x":-556.1453247070313,"y":59.4395866394043,"z":-1223.8272705078125},"rotation":{"x":0.00188254879321903,"y":0.7100682258605957,"z":0.0019237720407545567,"w":-0.7041277885437012},"size":624.6512451171875,"orthographic":false}