{"cameraMode":{"drawMode":24,"name":"Light Overlap","section":"Baked Global Illumination"},"sceneLighting":false,"audioPlay":false,"sceneViewState":{"showFog":true,"showMaterialUpdate":true,"showSkybox":false,"showFlares":true,"showImageEffects":true,"showParticleSystems":true},"in2DMode":false,"pivot":{"x":24.100000381469728,"y":59.4395866394043,"z":-1223.8272705078125},"rotation":{"x":-0.09246370941400528,"y":0.7632544040679932,"z":-0.11207282543182373,"w":-0.6295498013496399},"size":2.8578836917877199,"orthographic":false}