{"cameraMode":{"drawMode":24,"name":"Light Overlap","section":"Baked Global Illumination"},"sceneLighting":true,"audioPlay":false,"sceneViewState":{"showFog":true,"showMaterialUpdate":true,"showSkybox":false,"showFlares":true,"showImageEffects":true,"showParticleSystems":true},"in2DMode":false,"pivot":{"x":-11.065670013427735,"y":62.69474792480469,"z":-1218.3143310546875},"rotation":{"x":-0.026286674663424493,"y":0.6859972476959229,"z":-0.025033969432115556,"w":-0.7266980409622192},"size":49.95022964477539,"orthographic":false}