{"cameraMode":{"drawMode":24,"name":"Light Overlap","section":"Baked Global Illumination"},"sceneLighting":true,"audioPlay":false,"sceneViewState":{"showFog":true,"showMaterialUpdate":true,"showSkybox":false,"showFlares":true,"showImageEffects":true,"showParticleSystems":true},"in2DMode":false,"pivot":{"x":6.436847686767578,"y":-130.5912322998047,"z":-74.42446899414063},"rotation":{"x":-0.01599532552063465,"y":0.7077697515487671,"z":-0.016256224364042283,"w":-0.7060750126838684},"size":32.57369613647461,"orthographic":false}