{"cameraMode":{"drawMode":24,"name":"Light Overlap","section":"Baked Global Illumination"},"sceneLighting":true,"audioPlay":false,"sceneViewState":{"showFog":true,"showMaterialUpdate":true,"showSkybox":false,"showFlares":true,"showImageEffects":true,"showParticleSystems":true},"in2DMode":false,"pivot":{"x":63.446598052978519,"y":-53.9708137512207,"z":32.071807861328128},"rotation":{"x":-0.03929824009537697,"y":0.0020978180691599848,"z":-0.00006322794070001692,"w":-0.999225378036499},"size":44.62120819091797,"orthographic":false}