{"cameraMode":{"drawMode":24,"name":"Light Overlap","section":"Baked Global Illumination"},"sceneLighting":false,"audioPlay":false,"sceneViewState":{"showFog":true,"showMaterialUpdate":true,"showSkybox":false,"showFlares":true,"showImageEffects":true,"showParticleSystems":true},"in2DMode":false,"pivot":{"x":60.74300003051758,"y":-51.672000885009769,"z":-1.2569999694824219},"rotation":{"x":-0.040794532746076587,"y":-0.009892299771308899,"z":0.00042612204561010003,"w":-0.9991185069084168},"size":5.936527729034424,"orthographic":false}