{"cameraMode":{"drawMode":24,"name":"Light Overlap","section":"Baked Global Illumination"},"sceneLighting":false,"audioPlay":false,"sceneViewState":{"showFog":true,"showMaterialUpdate":true,"showSkybox":false,"showFlares":true,"showImageEffects":true,"showParticleSystems":true},"in2DMode":false,"pivot":{"x":61.03470230102539,"y":-51.613685607910159,"z":-1.2508938312530518},"rotation":{"x":-0.02729586884379387,"y":0.026086295023560525,"z":-0.000690473651047796,"w":-0.9992867112159729},"size":13.404902458190918,"orthographic":false}