{"cameraMode":{"drawMode":24,"name":"Light Overlap","section":"Baked Global Illumination"},"sceneLighting":true,"audioPlay":false,"sceneViewState":{"showFog":true,"showMaterialUpdate":true,"showSkybox":false,"showFlares":true,"showImageEffects":true,"showParticleSystems":true},"in2DMode":false,"pivot":{"x":85.7757797241211,"y":-43.07490158081055,"z":3.6043686866760256},"rotation":{"x":-0.015307744033634663,"y":0.0035981028340756895,"z":-0.00003143306457786821,"w":-0.9998763799667358},"size":39.18662643432617,"orthographic":false}