{"cameraMode":{"drawMode":24,"name":"Light Overlap","section":"Baked Global Illumination"},"sceneLighting":true,"audioPlay":false,"sceneViewState":{"showFog":true,"showMaterialUpdate":true,"showSkybox":false,"showFlares":true,"showImageEffects":true,"showParticleSystems":true},"in2DMode":false,"pivot":{"x":-7.2530035972595219,"y":-6.384771823883057,"z":12.207210540771485},"rotation":{"x":-0.19847364723682404,"y":0.009405768476426602,"z":-0.001905352110043168,"w":-0.9800592660903931},"size":28.637569427490236,"orthographic":false}