{"cameraMode":{"drawMode":24,"name":"Light Overlap","section":"Baked Global Illumination"},"sceneLighting":true,"audioPlay":false,"sceneViewState":{"showFog":true,"showMaterialUpdate":true,"showSkybox":false,"showFlares":true,"showImageEffects":true,"showParticleSystems":true},"in2DMode":false,"pivot":{"x":-30.28619384765625,"y":235.88568115234376,"z":-1084.2811279296875},"rotation":{"x":-0.018220389261841775,"y":0.7087777853012085,"z":-0.018273457884788514,"w":-0.7049597501754761},"size":899.4844970703125,"orthographic":false}