{"cameraMode":{"drawMode":24,"name":"Light Overlap","section":"Baked Global Illumination"},"sceneLighting":true,"audioPlay":false,"sceneViewState":{"showFog":true,"showMaterialUpdate":true,"showSkybox":false,"showFlares":true,"showImageEffects":true,"showParticleSystems":true},"in2DMode":false,"pivot":{"x":8.607065200805664,"y":56.979713439941409,"z":-1249.5103759765625},"rotation":{"x":-0.041585151106119159,"y":0.6632922887802124,"z":-0.03717465326189995,"w":-0.7462788820266724},"size":15.602874755859375,"orthographic":false}