{"cameraMode":{"drawMode":24,"name":"Light Overlap","section":"Baked Global Illumination"},"sceneLighting":true,"audioPlay":false,"sceneViewState":{"showFog":true,"showMaterialUpdate":true,"showSkybox":false,"showFlares":true,"showImageEffects":true,"showParticleSystems":true},"in2DMode":false,"pivot":{"x":75.40184020996094,"y":-56.00617980957031,"z":24.283161163330079},"rotation":{"x":-0.0707075223326683,"y":-0.03380852937698364,"z":0.0024187539238482715,"w":-0.9969210624694824},"size":61.184444427490237,"orthographic":false}