{"cameraMode":{"drawMode":24,"name":"Light Overlap","section":"Baked Global Illumination"},"sceneLighting":true,"audioPlay":false,"sceneViewState":{"showFog":true,"showMaterialUpdate":true,"showSkybox":false,"showFlares":true,"showImageEffects":true,"showParticleSystems":true},"in2DMode":false,"pivot":{"x":0.6173297166824341,"y":84.15767669677735,"z":-1281.5443115234375},"rotation":{"x":-0.06081725284457207,"y":0.6894308924674988,"z":-0.058243073523044589,"w":-0.7194401025772095},"size":21.065265655517579,"orthographic":false}