{"cameraMode":{"drawMode":24,"name":"Light Overlap","section":"Baked Global Illumination"},"sceneLighting":true,"audioPlay":false,"sceneViewState":{"showFog":true,"showMaterialUpdate":true,"showSkybox":false,"showFlares":true,"showImageEffects":true,"showParticleSystems":true},"in2DMode":false,"pivot":{"x":63.446598052978519,"y":-53.9708137512207,"z":32.071807861328128},"rotation":{"x":-0.03479750081896782,"y":-0.014391440898180008,"z":0.0005204217741265893,"w":-0.9992906451225281},"size":150.92727661132813,"orthographic":false}