{"cameraMode":{"drawMode":24,"name":"Light Overlap","section":"Baked Global Illumination"},"sceneLighting":false,"audioPlay":false,"sceneViewState":{"showFog":true,"showMaterialUpdate":true,"showSkybox":false,"showFlares":true,"showImageEffects":true,"showParticleSystems":true},"in2DMode":false,"pivot":{"x":29.173906326293947,"y":-61.31250762939453,"z":7.9707183837890629},"rotation":{"x":-0.13039912283420564,"y":-0.023196686059236528,"z":0.003072703955695033,"w":-0.9911854863166809},"size":141.2030792236328,"orthographic":false}