{"cameraMode":{"drawMode":24,"name":"Light Overlap","section":"Baked Global Illumination"},"sceneLighting":true,"audioPlay":false,"sceneViewState":{"showFog":true,"showMaterialUpdate":true,"showSkybox":false,"showFlares":true,"showImageEffects":true,"showParticleSystems":true},"in2DMode":false,"pivot":{"x":-12.1368408203125,"y":64.5997085571289,"z":-1234.4761962890625},"rotation":{"x":-0.026286674663424493,"y":0.6859972476959229,"z":-0.025033969432115556,"w":-0.7266980409622192},"size":145.2049102783203,"orthographic":false}