{"cameraMode":{"drawMode":24,"name":"Light Overlap","section":"Baked Global Illumination"},"sceneLighting":true,"audioPlay":false,"sceneViewState":{"showFog":true,"showMaterialUpdate":true,"showSkybox":false,"showFlares":true,"showImageEffects":true,"showParticleSystems":true},"in2DMode":false,"pivot":{"x":-9.637481689453125,"y":58.286865234375,"z":-1243.96533203125},"rotation":{"x":-0.04772917926311493,"y":0.690359890460968,"z":-0.04595879092812538,"w":-0.7204256057739258},"size":81.68853759765625,"orthographic":false}