{"cameraMode":{"drawMode":24,"name":"Light Overlap","section":"Baked Global Illumination"},"sceneLighting":true,"audioPlay":false,"sceneViewState":{"showFog":true,"showMaterialUpdate":true,"showSkybox":false,"showFlares":true,"showImageEffects":true,"showParticleSystems":true},"in2DMode":false,"pivot":{"x":336.59259033203127,"y":144.36831665039063,"z":-1266.2049560546875},"rotation":{"x":-0.041768718510866168,"y":0.7335472702980042,"z":-0.04550394415855408,"w":-0.6768258810043335},"size":-4.692991256713867,"orthographic":false}