{"cameraMode":{"drawMode":24,"name":"Light Overlap","section":"Baked Global Illumination"},"sceneLighting":true,"audioPlay":false,"sceneViewState":{"showFog":true,"showMaterialUpdate":true,"showSkybox":false,"showFlares":true,"showImageEffects":true,"showParticleSystems":true},"in2DMode":false,"pivot":{"x":116.96849822998047,"y":-42.918724060058597,"z":0.2643318176269531},"rotation":{"x":-0.09311068058013916,"y":0.03643075376749039,"z":-0.0033967269118875267,"w":-0.9949833154678345},"size":40.89617919921875,"orthographic":false}